{"1":{"SUB":{"h":0.5,"l:n":{"1":0.9e-3,"10":2e-5,"100":4e-7}}},"2":{"DEL":{"h":0.5,"l:n":{"5":1.6e-4,"50":2e-5,"1000.0":5e-7,"10000.0":7e-8,"100000.0":6e-9,"1000000.0":4e-9,"2000.0":2.6e-7,"500.0":6e-7,"5000.0":1.2e-7}},"DUP":{"CN":[2,3,4],"CNP":[0.5,0.3,0.1],"TP":[0.4,0.4,0.2],"TYPE":["TANDEM","DISPERSED","INV"],"h":0.5,"l:n":{"50":2e-6,"1000.0":2e-7,"10000.0":3e-7,"100000.0":1e-7,"5000.0":2e-7}},"INS":{"h":0.25,"l:n":{"5":1.7e-4,"100.0":1e-5,"25.0":0.00001,"50.0":0.000001}},"INV":{"TP":[0.5,0.5],"TYPE":["PERFECT","COMPLEX"],"h":0.5,"l:n":{"250":2e-6,"1000.0":2e-7,"10000.0":2e-7,"100000.0":2e-7,"500.0":2e-7},"s:p":{"100.0":[2,0.1,0.2],"50.0":[2,0.1,0.1],"500.0":[1,0.1,0.1]}},"TRA":{"TP":[0.24,0.75],"TYPE":["DEL","INS"],"h":0.25,"l:n":{"1000.0":1e-7,"10000.0":1e-7,"100000.0":1e-7}}},"3":{"SUB":{"h":0.75,"l:n":{"1":0.45e-3,"5":0.5e-4}}}}
