{"1":{"SUB":{"h":1,"l:n":{"1":1e-5,"10":0.5e-6}}},"2":{"DEL":{"h":1,"l:n":{"1000.0":1e-7,"10000.0":2e-7,"100000.0":3e-7,"1000000.0":4e-7,"2000.0":2.6e-7,"500.0":6e-7,"5000.0":1.2e-7}},"DUP":{"CN":[2,3,4],"CNP":[0.5,0.3,0.1],"TP":[0.4,0.4,0.2],"TYPE":["TANDEM","DISPERSED","INV"],"h":1,"l:n":{"1000.0":2e-7,"10000.0":2e-7,"100000.0":1e-7,"5000.0":8e-8}},"INS":{"h":1,"l:n":{"100.0":1e-7,"25.0":0.00001,"50.0":0.000001}},"INV":{"TP":[0.25,0.75],"TYPE":["PERFECT","COMPLEX"],"h":1,"l:n":{"1000.0":2e-7,"10000.0":2e-7,"100000.0":3e-7,"500.0":2e-7},"s:p":{"100.0":[2,0.1,0.2],"50.0":[4,0.3,0.1],"500.0":[3,0.4,0.3],"700.0":[2,0.2,0.3]}},"TRA":{"TP":[0.24,0.75],"TYPE":["DEL","INS"],"h":1,"l:n":{"10000.0":1e-7,"100000.0":1e-7,"500.0":3e-7}}},"3":{"SUB":{"h":1,"l:n":{"1":1e-4,"5":1e-5}}}}
